{
  "best_model": "linear",
  "linear": {
    "cv": {
      "cv_r2": 0.6417390402404755,
      "cv_rmse": 69251.53867663405,
      "cv_mae": 49980.451840503185
    },
    "test": {
      "r2": 0.6519949368926146,
      "rmse": 67346.87995764882,
      "mse": 4535602240.029962,
      "mae": 49775.5956994219
    }
  },
  "ridge": {
    "cv_r2": 0.6417960084416128,
    "test": {
      "r2": 0.650398712805356,
      "rmse": 67501.15605106606,
      "mse": 4556406068.230373,
      "mae": 49820.330165912914
    }
  },
  "lasso": {
    "cv_r2": 0.6417559343267101,
    "test": {
      "r2": 0.651242059336671,
      "rmse": 67419.69004868128,
      "mse": 4545414606.260254,
      "mae": 49798.67795491497
    }
  },
  "linear_log1p": {
    "cv": {
      "cv_r2": 0.4423098140442251,
      "cv_rmse": 86360.90335152774,
      "cv_mae": 51233.902777814146
    },
    "test": {
      "r2": 0.4490642402490037,
      "rmse": 84737.40897143273,
      "mse": 7180428479.191848,
      "mae": 50653.54011077148
    }
  }
}